id,team_name,season,stat_name,shots,goals,xG,against_shots,against_goals,against_xG
4,Luton,2023,3-4-3,25,1,2.4471749123185873,4,1,0.9213911816477776
11,Wolverhampton Wanderers,2023,3-4-3,32,5,5.800618204288185,48,3,3.818714546971023
30,Nottingham Forest,2023,3-4-3,21,2,2.228387551382184,20,3,1.0273805726319551
41,Chelsea,2023,3-4-3,4,0,0.1415599836036563,2,0,0.12198569253087044
52,Manchester City,2023,3-4-3,2,0,0.09940660372376442,0,0,0.0
