id,team_name,season,stat_name,shots,goals,xG,against_shots,against_goals,against_xG
15,Wolverhampton Wanderers,2023,5-4-1,2,0,0.6844282522797585,9,1,1.1688590366393328
27,West Ham,2023,5-4-1,1,0,0.09207619726657867,6,0,0.24569548480212688
32,Nottingham Forest,2023,5-4-1,4,0,0.48443326726555824,6,2,0.7719811610877514
55,Bournemouth,2023,5-4-1,0,0,0.0,3,1,0.48146603628993034
67,Burnley,2023,5-4-1,5,0,0.29802430793643,14,3,2.264632069505751
