id,team_name,season,stat_name,shots,goals,xG,against_shots,against_goals,against_xG
5,Luton,2023,3-5-2,9,1,1.8859357507899404,27,4,4.37022446654737
22,Brentford,2023,3-5-2,25,1,2.612211249768734,27,4,2.8243443835526705
73,Liverpool,2023,3-5-2,0,0,0.0,5,1,1.154579316265881
84,Sheffield United,2023,3-5-2,56,5,6.787040404975414,138,12,18.187008436769247
