id,team_name,season,stat_name,shots,goals,xG,against_shots,against_goals,against_xG
3,Luton,2023,3-4-2-1,27,3,3.0764044541865587,37,3,5.09484426677227
29,Nottingham Forest,2023,3-4-2-1,19,3,2.2201892053708434,39,3,5.312443037517369
37,Chelsea,2023,3-4-2-1,46,3,5.541460148990154,31,4,3.305901722982526
61,Aston Villa,2023,3-4-2-1,18,4,3.475690838880837,10,1,0.6795259304344654
68,Burnley,2023,3-4-2-1,8,0,0.7034658957272768,6,3,0.7858009096235037
85,Sheffield United,2023,3-4-2-1,13,1,0.9548570290207863,28,5,3.533768769353628
