id,team_name,season,stat_name,shots,goals,xG,against_shots,against_goals,against_xG
8,Manchester United,2023,4-1-2-1-2,14,1,0.7199513204395771,9,3,1.4339062627404928
33,Nottingham Forest,2023,4-1-2-1-2,3,1,0.6286208983510733,11,0,0.7615848183631897
