id,team_name,season,stat_name,shots,goals,xG,against_shots,against_goals,against_xG
12,Wolverhampton Wanderers,2023,4-4-1-1,39,4,5.236842556856573,47,7,7.461730512790382
19,Crystal Palace,2023,4-4-1-1,5,0,0.33820154005661607,0,0,0.0
44,Fulham,2023,4-4-1-1,1,0,0.07383478432893753,5,1,1.7443471550941467
63,Aston Villa,2023,4-4-1-1,1,0,0.13276714086532593,3,0,0.14576244726777077
72,Liverpool,2023,4-4-1-1,12,3,1.3990309545770288,43,1,3.9771492555737495
79,Everton,2023,4-4-1-1,103,9,16.122766157612205,69,7,10.037739966996014
