id,team_name,season,stat_name,shots,goals,xG,against_shots,against_goals,against_xG
1,Luton,2023,5-3-2,28,1,3.564349114894867,40,6,6.2674899995327
21,Brentford,2023,5-3-2,22,2,2.5431713918223977,27,3,2.9898160165175796
35,Arsenal,2023,5-3-2,0,0,0.0,6,0,0.6129600033164024
45,Fulham,2023,5-3-2,1,0,0.43420571088790894,4,0,0.7212244048714638
51,Manchester City,2023,5-3-2,1,0,0.5678633451461792,5,0,0.20659970492124557
58,Tottenham,2023,5-3-2,0,0,0.0,1,0,0.01999759115278721
82,Everton,2023,5-3-2,2,0,0.023676113225519657,12,1,1.1455004317685962
89,Sheffield United,2023,5-3-2,1,0,0.024492107331752777,1,1,0.6541728377342224
