id,team_name,season,stat_name,shots,goals,xG,against_shots,against_goals,against_xG
7,Manchester United,2023,4-1-4-1,15,1,1.970873599871993,23,0,1.7860415577888489
26,West Ham,2023,4-1-4-1,11,3,2.994396014139056,20,1,1.1301235342398286
39,Chelsea,2023,4-1-4-1,12,2,2.822247775271535,7,0,0.32505166344344616
50,Manchester City,2023,4-1-4-1,14,2,1.8178511103615165,4,0,0.19172007497400045
70,Burnley,2023,4-1-4-1,3,1,0.29363375157117844,0,0,0.0
80,Everton,2023,4-1-4-1,18,0,2.128481416963041,21,4,3.710907317698002
