,position,player (nunique),fpts (mean),g (mean),kp (mean),at (mean),sot (mean),tkw (mean),dis (mean),yc (mean),rc (mean),acnc (mean),int (mean),clr (mean),cos (mean),bs (mean),aer (mean),pkm (mean),pkd (mean),og (mean),gao (mean),cs (mean),pts (mean),dpt (mean),off (mean),pkg (mean),ghost points (mean),negative fpts (mean),home (mean),gp (max),rollingsum_fpts (mean)
0,AM,50,10.41,0.18,1.76,0.24,0.66,0.87,1.36,0.14,0.0,0.34,0.47,0.55,1.13,0.11,0.66,0.01,0.03,0.0,1.32,0.24,0.37,1.44,0.15,0.03,8.15,-0.98,0.5394736842105263,1,29.58
4,RM,55,9.15,0.15,1.42,0.21,0.43,0.92,1.04,0.16,0.0,0.42,0.61,0.81,0.78,0.13,0.77,0.0,0.02,0.0,1.19,0.32,0.3,1.41,0.14,0.02,7.1,-0.98,0.5107913669064749,1,24.81
3,LM,63,7.67,0.1,1.12,0.1,0.47,1.06,1.16,0.16,0.01,0.31,0.66,0.83,1.09,0.14,0.83,0.0,0.01,0.0,1.19,0.31,0.19,1.56,0.23,0.01,6.93,-1.1,0.5069444444444444,1,20.76
2,DM,55,7.59,0.1,0.94,0.12,0.39,1.31,0.77,0.24,0.01,0.12,1.01,1.32,0.75,0.38,1.02,0.0,0.01,0.0,1.37,0.23,0.19,2.05,0.06,0.01,6.82,-1.03,0.5222672064777328,1,20.62
1,CM,71,6.09,0.07,0.8,0.05,0.26,1.26,0.76,0.26,0.01,0.15,1.02,1.21,0.61,0.29,0.9,0.0,0.01,0.0,1.51,0.22,0.11,2.12,0.04,0.01,5.93,-0.98,0.4819277108433735,1,19.15
