,team,position,player (nunique),fpts (mean),g (mean),kp (mean),at (mean),sot (mean),tkw (mean),dis (mean),yc (mean),rc (mean),acnc (mean),int (mean),clr (mean),cos (mean),bs (mean),aer (mean),pkm (mean),pkd (mean),og (mean),gao (mean),cs (mean),pts (mean),dpt (mean),off (mean),pkg (mean),ghost points (mean),negative fpts (mean),home (mean),gp (max),rollingsum_fpts (mean)
5,LUT,RW,2,9.0,0.0,1.0,0.5,1.0,0.5,1.5,0.0,0.0,0.5,1.0,0.5,0.0,0.0,1.5,0.0,0.0,0.0,1.5,0.0,0.5,0.5,0.0,0.0,6.75,-0.75,1.0,1,20.25
0,BUR,FW,3,8.02,0.26,0.65,0.17,0.91,0.61,1.13,0.04,0.04,0.0,0.13,0.74,0.83,0.22,1.35,0.0,0.0,0.0,1.78,0.17,0.43,1.43,0.43,0.04,5.59,-0.96,0.5652173913043478,1,24.29
3,LUT,FW,3,7.09,0.22,0.7,0.09,0.48,0.3,1.35,0.04,0.0,0.04,0.22,1.13,0.74,0.09,3.26,0.0,0.0,0.0,1.61,0.09,0.3,1.52,0.52,0.09,5.37,-0.76,0.43478260869565216,1,17.5
4,LUT,LW,2,6.75,0.0,2.0,0.0,0.0,0.5,1.5,0.0,0.0,0.0,1.0,0.0,1.5,0.0,1.0,0.0,0.0,0.0,1.5,0.0,0.0,1.0,0.5,0.0,7.5,-0.75,1.0,1,17.0
1,BUR,LW,6,6.08,0.17,1.0,0.0,0.67,0.5,2.17,0.17,0.0,0.0,0.0,0.83,2.0,0.0,0.33,0.0,0.0,0.0,1.33,0.17,0.17,1.83,0.33,0.0,6.0,-1.42,0.3333333333333333,1,12.5
6,SHU,FW,6,5.02,0.14,0.68,0.09,0.5,0.32,1.68,0.23,0.05,0.05,0.18,0.5,0.73,0.14,2.18,0.0,0.0,0.0,2.05,0.0,0.18,1.77,0.55,0.05,4.86,-1.61,0.5454545454545454,1,13.86
8,SHU,RW,1,4.5,0.0,2.0,0.0,0.0,1.0,1.0,0.0,0.0,0.0,0.0,0.0,0.0,0.0,0.0,0.0,0.0,0.0,1.0,0.0,0.0,5.0,0.0,0.0,5.0,-0.5,1.0,1,
2,BUR,RW,3,3.07,0.0,0.57,0.0,0.14,0.43,0.86,0.0,0.0,0.0,0.29,0.14,1.29,0.0,0.14,0.0,0.0,0.0,1.29,0.14,0.0,0.86,0.29,0.0,3.5,-0.43,0.2857142857142857,1,13.67
7,SHU,LW,1,0.0,0.0,0.0,0.0,0.0,0.0,0.0,0.0,0.0,0.0,0.0,1.0,0.0,0.0,0.0,0.0,0.0,0.0,1.0,0.0,0.0,0.0,0.0,0.0,0.0,0.0,1.0,1,
