id,team_name,season,stat_name,shots,goals,xG,against_shots,GA,xGA,GP,xG-G,xGA-GA,xG-xGA,xG_per_shot,xG_per_shot_against,shots_per_goal_against,shots_against_per_game,xG_diff
16,AVL,2023,4-4-1-1,1.0,0.0,0.13276714086532593,3.0,0.0,0.1,11.0,0.13276714086532593,0.1,0.03276714086532592,0.13276714086532593,0.03333333333333333,inf,0.2727272727272727,0.03276714086532592
23,LIV,2023,4-4-1-1,12.0,3.0,1.3990309545770288,43.0,1.0,4.0,11.0,-1.6009690454229712,3.0,-2.6009690454229712,0.11658591288141906,0.09302325581395349,43.0,3.909090909090909,-2.6009690454229712
62,EVE,2023,4-4-1-1,123.0,11.0,17.479399038478732,89.0,8.0,12.1,11.0,6.479399038478732,4.1,5.3793990384787325,0.14210893527218482,0.13595505617977527,11.125,8.090909090909092,5.3793990384787325
52,WOL,2023,4-4-1-1,46.0,4.0,6.222396771423519,51.0,7.0,7.6,11.0,2.2223967714235187,0.5999999999999996,-1.377603228576481,0.13526949503094607,0.14901960784313725,7.285714285714286,4.636363636363637,-1.377603228576481
70,FUL,2023,4-4-1-1,1.0,0.0,0.07383478432893753,5.0,1.0,1.7,11.0,0.07383478432893753,0.7,-1.6261652156710624,0.07383478432893753,0.33999999999999997,5.0,0.45454545454545453,-1.6261652156710624
4,CRY,2023,4-4-1-1,5.0,0.0,0.33820154005661607,0.0,0.0,0.0,11.0,0.33820154005661607,0.0,0.33820154005661607,0.06764030801132322,,,0.0,0.33820154005661607
